Name,Pic,Gender,Str min,Str max,Dex min,Dex max,Vit min,Vit Max,Spec Min,Spec Max,Insight Min,Insight Max,HP Min,Int Rank Min,Abilities,Moves,Generation,Types,Environment,,,,,,,,,,,,,,,,,,,,,,,,,,,,,,,,,,,,,,,,,,,,,,,,,,,,,,,,,,,,,,,,
“Ambipom”,"""https://archives.bulbagarden.net/media/upload/9/9d/0424Ambipom.png""","[""Male""; ""Female""]",3,6,3,6,2,4,2,4,2,4,4,2,"[""Technician”; “Pick Up""]",[[“Scratch”, 0], [“Sand Attack”, 1], [“Dual Chop”, 1], [“Tickle”, 2], [“Agility”, 2], [“Fling”, 2], [“Last Resort”, 3], [“Seed Bomb”, 4], [“Tail Whip”, 0], [“Astonish”, 1],[“Baton Pass”, 1], [“Fury Swipes”, 2], [“Screech”, 2], [“Double Hit”, 2], [“Nasty Plot”, 3], [“Fake Out”, 4], [“Ice Punch”, 4]],4,[“Ghost”, “Flying”],"[""Forest""; ""Jungle""]",,,,,,,,,,,,,,,,,,,,,,,,,,,,,,
“Drifloon”,"""https://archives.bulbagarden.net/media/upload/f/ff/0425Drifloon.png""","[""Male""; ""Female""]",2,4,2,5,1,3,2,4,2,4,3,2,"[""Aftermath”; “Unburden""]",[[“Constrict”, 0], [“Astonish”, 1], [“Focus Energy”, 2], [“Ominous Wind”, 2], [“Hex”, 2], [“Split Up”, 2], [“Amnesia”, 3], [“Explosion”, 3], [“Weather Ball”, 4], [“Minimize”, 0], [“Gust”, 1], [“Payback”, 2], [“Stockpile”, 2], [“Swallow”, 2], [“Shadow Ball”, 3], [“Baton Pass”, 3], [“Disable”, 4], [“Sucker Punch”, 4]],4,[“Ghost”, “Flying”],"[""Forest""; ""City""]",,,,,,,,,,,,,,,,,,,,,,,,,,,,
“Drifblim”,"""https://archives.bulbagarden.net/media/upload/e/ea/0426Drifblim.png""","[""Male""; ""Female""]",2,5,2,5,1,3,2,5,2,4,7,3,"[""Aftermath”; “Unburden""]",[[“Constrict”, 0], [“Astonish”, 1], [“Focus Energy”, 2], [“Ominous Wind”, 2], [“Hex”, 2], [“Split Up”, 2], [“Amnesia”, 3], [“Explosion”, 3], [“Sucker Punch”, 4], [“Icy Wind”, 4], [“Minimize”, 0], [“Gust”, 1], [“Payback”, 2], [“Stockpile”, 2], [“Swallow”, 2], [“Shadow Ball”, 3], [“Baton Pass”, 3], [“Phantom Force”, 4], [“Shockwave”, 4]],4,[“Normal”],"[""Forest""; ""City""]",,,,,,,,,,,,,,,,,,,,,,,,,,,
“Buneary”,"""https://archives.bulbagarden.net/media/upload/6/6c/0427Buneary.png""","[""Male""; ""Female""]",2,4,2,5,1,3,1,3,2,4,3,0,"[""Run Away”; “Klutz""]",[[“Defense Curl”, 0], [“Pound”, 0], [“Endure”, 1], [“Frustration”, 2], [“Jump Kick”, 2], [“Agility”, 2], [“Entrainment”, 3], [“Healing Wish”, 3], [“Fake Out”, 4], [“Splash”, 0], [“Foresight”, 0], [“Baby-Doll Eyes”, 1], [“Quick Attack”, 2], [“Baton Pass”, 2], [“Dizzy Punch”, 2], [“After You”, 3], [“Bounce”, 3], [“Cosmic Power”, 4], [“Sweet Kiss”, 4]],4,[“Normal”],"[""Forest""; ""Plains""; ""Snow""; ""Mountain""]",,,,,,,,,,,,,,,,,,,,,,,,,,,
“Lopunny”,"""https://archives.bulbagarden.net/media/upload/4/4b/0428Lopunny.png""","[""Male""; ""Female""]",2,5,3,6,2,5,2,4,3,6,4,2,"[""Cute Charm”; “Klutz""]",[[“Defense Curl”, 0], [“Pound”, 0], [“Endure”, 1], [“Bounce”, 2], [“Mirror Coat”, 2], [“Quick Attack”, 2], [“Baton Pass”, 2], [“Dizzy Punch”, 2], [“Charm”, 2], [“Healing Wish”, 3], [“Cosmic Power”, 4], [“Fake Out”, 4], [“Splash”, 0], [“Foresight”, 0], [“Return”, 2], [“Rototiller”, 2], [“Magic Coat”, 2], [“Jump Kick”, 2], [“Agility”, 2], [“After You”, 2], [“Entrainment”, 3], [“High Jump Kick”, 3], [“Teeter Dance”, 4]],4,[“Ghost”],"[""Forest""; ""Plains""; ""Snow""; ""Mountain""]",,,,,,,,,,,,,,,,,,,
“Mismagius”,"""https://archives.bulbagarden.net/media/upload/a/a5/0429Mismagius.png""","[""Male""; ""Female""]",2,4,3,6,2,4,3,6,3,6,4,3,"[""Levitate""]","[[“Growl”; 0]; [“Lucky Chant”; 1]; [“Power Gem”; 2]; [“Spite”; 2]; [“Mystical Fire”; 3]; [“Foul Play”; 4]; [“Magical Leaf”; 1]; [“Astonish”; 2]; [“Psywave”; 2]; [""Phantom Force”; 3]; [“Wonder Room”; 4]; [“Nasty Plot”; 4]]",4,[“Dark”, “Flying”],"[""Cave""; ""City""]",,,,,,,,,,,,,,,,,,,,,,,,,,,,,,,,,,,,,,,,,,,,,,,,,,,,,,,,,,,,,,,
“Honchkrow”,"""https://archives.bulbagarden.net/media/upload/c/c5/0430Honchkrow.png""","[""Male""; ""Female""]",3,7,3,5,2,4,3,6,2,4,5,3,"[""Insomnia”; “Super Luck""]",[[“Astonish”, 0], [“Pursuit”, 1], [“Dark Pulse”, 2], [“Swagger”, 2], [“Foul Play”, 2], [“Sucker Punch”, 3], [“Heat Wave”, 4], [“Wing Attack”, 1], [“Haze”, 1], [“Night Slash”, 2], [“Nasty Plot”, 2], [“Quash”, 3], [“Perish Song”, 4], [“Air Cutter”, 4]],4,[“Normal”],"[""Forest""; ""City""]",,,,,,,,,,,,,,,,,,,,,,,,,,,,,,,,,,,,,
“Glameow”,"""https://archives.bulbagarden.net/media/upload/b/b6/0431Glameow.png""","[""Male""; ""Female""]",2,4,2,5,1,3,1,3,1,3,3,0,"[""Limber”; “Own Tempo""]",[[“Fake Out”, 0], [“Growl”, 1], [“Feint Attack”, 2], [“Charm”, 2], [“Captivate”, 2], [“Attract”, 2], [“Hone Claws”, 3], [“Foul Play”, 4], [“Super Fang”, 4], [“Scratch”, 0], [“Hypnosis”, 2], [“Fury Swipes”, 2], [“Assist”, 2], [“Slash”, 2], [“Sucker Punch”, 3], [“Play Rough”, 3], [“Fake Tears”, 4]],4,[“Normal”],"[""City""]",,,,,,,,,,,,,,,,,,,,,,,,,,,,,,,
“Purugly”,"""https://archives.bulbagarden.net/media/upload/6/6a/0432Purugly.png""","[""Male""; ""Female""]",2,5,3,6,2,4,2,4,2,4,4,2,"[""Thick Fat”; “Own Tempo""]",[[“Fake Out”, 0], [“Growl”, 1], [“Feint Attack”, 2], [“Charm”, 2], [“Captivate”, 2], [“Swagger”, 2], [“Attract”, 3], [“Last Resort”, 4], [“Wake-Up Slap”, 4], [“Scratch”, 1], [“Hypnosis”, 2], [“Fury Swipes”, 2], [“Assist”, 2], [“Slash”, 2], [“Body Slam”, 3], [“Hone Claws”, 3], [“Hyper Voice”, 4]],4,[“Psychic”],"[""City""]",,,,,,,,,,,,,,,,,,,,,,,,,,,,,,,
“Chingling”,"""https://archives.bulbagarden.net/media/upload/2/2f/0433Chingling.png""","[""Male""; ""Female""]",1,3,2,4,2,4,2,4,2,4,3,0,"[""Levitate""]",[[“Wrap”, 0], [“Astonish”, 1], [“Confusion”, 2], [“Cosmic Power”, 4], [“Future Sight”, 4], [“Growl”, 1], [“Yawn”, 2], [“Uproar”, 2], [“Entrainment”, 3], [“Recover”, 4]],4,[“Poison”, “Dark”],"[""City""; ""Forest""]",,,,,,,,,,,,,,,,,,,,,,,,,,,,,,,,,,,,,,,,,,,,
“Stunky”,"""https://archives.bulbagarden.net/media/upload/9/93/0434Stunky.png""","[""Male""; ""Female""]",2,4,2,4,2,4,1,3,1,3,3,1,"[""Stench”; “Aftermath""]",[[“Scratch”, 0], [“Poison Gas”, 1], [“Fury Swipes”, 1], [“Feint”, 2], [“Slash”, 2], [“Acid Slash”, 2], [“Night Slash”, 3], [“Belch”, 3], [“Play Rough”, 4], [“Flame Burst”, 4], [“Focus Energy”, 0], [“Screech”, 1], [“Smokescreen”, 2], [“Bite”, 2], [“Toxic”, 2], [“Venom Drench”, 2], [“Memento”, 3], [“Explosion”, 3], [“Sucker Punch”, 4]],4,[“Poison”, “Dark”],"[""City""; ""Forest""]",,,,,,,,,,,,,,,,,,,,,,,,,,
“Skuntank”,"""https://archives.bulbagarden.net/media/upload/e/e6/0435Skuntank.png""","[""Male""; ""Female""]",2,5,2,5,2,4,2,5,2,4,5,2,"[""Stench”; “Aftermath""]",[[“Scratch”, 0], [“Poison Gas”, 1], [“Fury Swipes”, 1], [“Feint”, 2], [“Slash”, 2], [“Acid Slash”, 2], [“Venom Drench”, 2], [“Memento”, 3], [“Explosion”, 3], [“Play Rough”, 4], [“Focus Energy”, 0], [“Screech”, 1], [“Smokescreen”, 2], [“Bite”, 2], [“Toxic”, 2], [“Flamethrower”, 2], [“Night Slash”, 3], [“Belch”, 3], [“Sucker Punch”, 4], [“Scary Face”, 4]],4,[“Steel”, “Psychic”],"[""City""; ""Forest""]",,,,,,,,,,,,,,,,,,,,,,,,
“Bronzor”,"""https://archives.bulbagarden.net/media/upload/7/7d/0436Bronzor.png""","[""None""]",1,3,1,3,2,5,1,3,2,5,3,1,"[""Levitate”; “Heatproof""]",[[“Tackle”, 0], [“Hypnosis”, 1], [“Confuse Ray”, 1], [“Iron Defense”, 2], [“Safeguard”, 2], [“Metal Sound”, 2], [“Extrasensory”, 3], [“Heal Block”, 3], [“Stealth Rock”, 4], [“Signal Beam”, 4], [“Confusion”, 0], [“Imprison”, 1], [“Psywave”, 2], [“Feint Attack”, 2], [“Future Sight”, 2], [“Gyro Ball”, 2], [“Payback”, 3], [“Heavy Slam”, 3], [“Ancient Power”, 4]],4,[“Steel”, “Psychic”],"[""Cave""]",,,,,,,,,,,,,,,,,,,,,,,,,,
“Bronzong”,"""https://archives.bulbagarden.net/media/upload/2/21/0437Bronzong.png""","[""None""]",2,5,1,3,3,6,2,5,3,6,4,3,"[""Levitate”; “Heatproof""]",[[“Sunny Day”, 0], [“Tackle”, 0], [“Hypnosis”, 1], [“Confuse Ray”, 1], [“Iron Defense”, 2], [“Safeguard”, 2], [“Metal Sound”, 2], [“Gyro Ball”, 2], [“Payback”, 3], [“Heavy Slam”, 3], [“Iron Head”, 4], [“Rain Dance”, 0], [“Confusion”, 0], [“Imprison”, 1], [“Psywave”, 2], [“Feint Attack”, 2], [“Future Sight”, 2], [“Block”, 2], [“Extrasensory”, 3], [“Heal Block”, 3], [“Ancient Power”, 4], [“Skill Swap”, 4]],4,[“Rock”],"[""Cave""]",,,,,,,,,,,,,,,,,,,,,
“Bonsly”,"""https://archives.bulbagarden.net/media/upload/4/47/0438Bonsly.png""","[""Male""; ""Female""]",2,5,1,2,3,6,1,2,2,4,3,0,"[""Sturdy”; “Rock Head""]",[[“Fake Tears”, 0], [“Flail”, 1], [“Rock Throw”, 2], [“Feint Attack”, 2], [“Tearful Look”, 2], [“Rock Slide”, 3], [“Sucker Punch”, 3], [“Sand Tomb”, 4], [“Foul Play”, 4], [“Copy Cat”, 0], [“Low Kick”, 1], [“Mimic”, 2], [“Rock Tomb”, 2], [“Block”, 2], [“Counter”, 2], [“Double-Edge”, 3], [“Rock Polish”, 4]],4,[“Psychic”, “Fairy”],"[""Forest""; ""Plains""]",,,,,,,,,,,,,,,,,,,,,,,,,,,,,,
“Mime Jr”,"""https://archives.bulbagarden.net/media/upload/2/2e/0439Mime_Jr.png""","[""Male""; ""Female""]",1,3,2,4,2,4,2,5,2,5,3,0,"[""Soundproof”; “Filter""]","[[“Tickle”; 0]; [“Confusion”; 0]; [“Meditate”; 1]; [“Mimic”; 2]; [“Light Screen”; 2]; [“Psybeam,”; 2]; [“Trick”; 2]; [“Psychic”; 3]; [“Baton Pass”; 3]; [“Teeter Dance”; 4]; [“Wake-Up Slap”; 4]; [“Barrier”; 0]; [“Copycat”; 1]; [“Encore”; 1]; [“Reflect”; 2]; [“Substitute”; 2]; [“Recycle”; 2]; [“Role Play”; 3]; [“Safeguard”; 3]; [“Nasty Plot”; 4]]",4,[“Normal”],"[""City""]",,,,,,,,,,,,,,,,,,,,,,,,,,,,,,,,,,,,,,,,,,,,,,,,,,,,,,,,,,,,,,,,
“Happiny”,"""https://archives.bulbagarden.net/media/upload/7/71/0440Happiny.png""","[""Male""; ""Female""]",1,2,1,3,1,2,1,2,1,3,4,0,"[""Natural Cure”; “Serene Grace""]",[[“Pound”, 0], [“Copycat”, 1], [“Sweet Kiss”, 2], [“Present”, 4], [“Charm”, 0], [“Refresh”, 1], [“Helping Hand”, 4], [“Drain Punch”, 4]],4,[“Normal”, “Flying”],"[""City""; ""Forest""; ""Plains""]",,,,,,,,,,,,,,,,,,,,,,,,,,,,,,,,,,,,,,,,,,,,,,,,
“Chatot”,"""https://archives.bulbagarden.net/media/upload/b/b1/0441Chatot.png""","[""Male""; ""Female""]",2,4,2,5,2,4,2,5,2,4,4,2,"[""Keen Eye""]; [Tangled Feet""]",[[“Confide”, 0], [“Peck”, 0], [“Mirror Move”, 1], [“Hyper Voice”, 2], [“Fury Attack”, 2], [“Mimic”, 2], [“Roost, 3], [“Synchronoise”, 3], [“Agility”, 4], [“Nasty Plot”, 4], [“Taunt”, 0], [“Growl”, 1], [“Chatter”, 2], [“Sing”, 2], [“Round”, 2], [“Echoed Voice”, 2], [“Uproar”, 3], [“Feather Dance”, 3], [“Boomburst”, 4]],4,[“Ghost”, “Dark”],"[""Jungle""; ""City""]",,,,,,,,,,,,,,,,,,,,,,,,,,
“Spiritomb”,"""https://archives.bulbagarden.net/media/upload/3/39/0442Spiritomb.png""","[""Male""; ""Female""]",2,5,1,3,3,6,2,5,3,6,4,4,"[""Pressure""]","[[“Curse”; 0]; [“Confuse Ray”; 0]; [“Shadow Sneak”; 1]; [“Hypnosis”; 2]; [“Ominous Wind”; 2]; [“Nasty Plot”; 2]; [“Memento""; 3]; [“Telekinesis”; 4]; [“Pursuit”; 0]; [“Spite”; 0]; [“Feint Attack”; 1]; [“Dream Eater”; 2]; [“Sucker Punch”; 2]; [“Dark Pulse”; 2]; [“Destiny Bond”; 4]; [“Imprison”; 4]]",4,[“Dragon”, “Ground”],"[""Cave""]",,,,,,,,,,,,,,,,,,,,,,,,,,,,,,,,,,,,,,,,,,,,,,,,,,,,,,,,,,,,,,,
“Gible”,"""https://archives.bulbagarden.net/media/upload/6/68/0443Gible.png""","[""Male""; ""Female""]",2,6,1,3,2,4,1,3,2,4,3,2,"[""Sand Veil""]",[[“Tackle”, 0], [“Dragon Rage”, 1], [“Take Down”, 2], [“Slash”, 2], [“Dig”, 2], [“Scary Face”, 4], [“Iron Head”, 4], [“Sand Attack”, 1], [“Sandstorm”, 2], [“Sand Tomb”, 2], [“Dragon Claw”, 2], [“Dragon Rush”, 3], [“Draco Meteor”, 4]],4,[“Dragon”, “Ground”],"[""Cave""; ""Mountain""]",,,,,,,,,,,,,,,,,,,,,,,,,,,,,,,,,,,,,,
“Gabite”,"""https://archives.bulbagarden.net/media/upload/f/f2/0444Gabite.png""","[""Male""; ""Female""]",2,5,2,5,2,4,2,4,2,4,4,3,"[""Sand Veil""]",[[“Tackle”, 0], [“Dragon Rage”, 1], [“Take Down”, 2], [“Dual Chop”, 2], [“Dragon Claw”, 2], [“Dragon Rush”, 3], [“Metal Claw”, 4], [“Sand Attack”, 1], [“Sandstorm”, 2], [“Slash”, 2], [“Dig”, 2], [“Scary Face”, 4], [“Draco Meteor”, 4]],4,[“Dragon”, “Ground”],"[""Cave""; ""Mountain""]",,,,,,,,,,,,,,,,,,,,,,,,,,,,,,,,,,,,,,
“Garchomp”,"""https://archives.bulbagarden.net/media/upload/a/a8/0445Garchomp.png""","[""Male""; ""Female""]",3,7,3,6,3,6,2,5,2,5,6,4,"[""Sand Veil""]",[[“Tackle”, 0], [“Sand Attack”, 1], [“Fire Fang”, 2], [“Sand Tomb”, 2], [“Slash”, 2], [“Dig”, 2], [“Dragon Rush”, 3], [“Aqua Tail”, 4], [“Dragon Rage”, 1], [“Sand Storm”, 2], [“Take Down”, 2], [“Dual Chop”, 2], [“Dragon Claw”, 2], [“Crunch”, 2], [“Draco Meteor”, 4], [“Outrage”, 4]],4,[“Normal”],"[""Cave""; ""Mountain""]",,,,,,,,,,,,,,,,,,,,,,,,,,,,,,,,,
“Munchlax”,"""https://archives.bulbagarden.net/media/upload/5/57/0446Munchlax.png""","[""Male""; ""Female""]",2,5,1,2,1,3,1,3,2,5,5,1,"[""Pick Up”; “Thick Fat""]",[[“Snatch”, 0], [“Tackle”, 0], [“Metronome”, 1], [“Amnesia”, 1], [“Screech”, 2], [“Stockpile”, 2], [“Rollout”, 2], [“Belly Drum”, 3], [“Last Resort”, 3], [“Belch”, 4], [“Lick”, 0], [“Odor Sleuth”, 0], [“Defense Curl”, 1], [“Chip Away”, 2], [“Body Slam”, 2], [“Swallow”, 2], [“Fling”, 2], [“Natural Gift”, 3], [“Charm”, 4], [“Zen headbutt”, 4]],4,[“Fighting”],"[""City""; ""Forest""; ""Plains""]",,,,,,,,,,,,,,,,,,,,,,,,,
“Riolu”,"""https://archives.bulbagarden.net/media/upload/b/b2/0447Riolu.png""","[""Male""; ""Female""]",2,5,2,4,1,3,1,3,1,3,3,2,"[""Steadfast”; “Inner Focus""]",[[“Foresight”, 0], [“Endure”, 0], [“Feint”, 1], [“Copycat”, 2], [“Reversal”, 2], [“Final Gambit”, 3], [“Agility”, 4], [“Quick Attack”, 0], [“Counter”, 1], [“Force Palm”, 2], [“Screech”, 2], [“Nasty Plot”, 3], [“Blaze Kick”, 4], [“Aura Sphere”, 4]],4,[“Fighting”, “Steel”],"[""Mountain""]",,,,,,,,,,,,,,,,,,,,,,,,,,,,,,,,,,,,
“Lucario”,"""https://archives.bulbagarden.net/media/upload/4/42/0448Lucario.png""","[""Male""; ""Female""]",3,6,3,5,3,5,3,6,3,5,4,3,"[""Steadfast”; “Inner Focus""]",[[“Laser Focus”, 0], [“Foresight”, 0], [“Detect”, 1], [“Counter”, 1], [“Power-Up Punch”, 2], [“Metal Sound”, 2], [“Quick Guard”, 2], [“Aura Sphere”, 2], [“Heal Pulse”, 3], [“Dragon Pulse”, 3], [“Iron Defense”, 4], [“Mind Reader”, 4], [“Quick Attack”, 0], [“Metal Claw”, 1], [“Feint”, 1], [“Swords Dance”, 2], [“Bone Rush”, 2], [“Me First”, 2], [“Work Up”, 2], [“Calm Mind”, 2], [“Close Combat”, 3], [“Extreme Speed”, 3], [“Vacuum Wave”, 4]],4,[“Ground”],"[""Mountain""]",,,,,,,,,,,,,,,,,,,
“Hippopotas”,"""https://archives.bulbagarden.net/media/upload/d/d3/0449Hippopotas.png""","[""Male""; ""Female""]",2,5,1,3,2,5,1,3,1,3,3,2,"[""Sand Stream""]",[[“Tackle”, 0], [“Bite”, 1], [“Take Down”, 2], [“Sand Tomb”, 2], [“Earthquake”, 3], [“Fissure”, 3], [“Slack Off”, 4], [“Sand Attack”, 0], [“Yawn”, 1], [“Dig”, 2], [“Crunch”, 2], [“Double-Edge”, 3], [“Stockpile”, 4], [“Water Pulse”, 4]],4,[“Ground”],"[""Desert""]",,,,,,,,,,,,,,,,,,,,,,,,,,,,,,,,,,,,,
“Hippowdon”,"""https://archives.bulbagarden.net/media/upload/7/70/0450Hippowdon.png""","[""Male""; ""Female""]",3,6,2,4,3,6,2,4,2,5,5,3,"[""Sand Stream""]",[[“Sand Attack”, 0], [“Yawn”, 1], [“Ice Fang”, 2], [“Thunder Fang”, 2], [“Dig”, 2], [“Crunch”, 2], [“Double-Edge”, 3], [“Slack Off”, 4], [“Revenge”, 4], [“Tackle”, 0], [“Bite”, 1], [“Fire Fang”, 2], [“Take Down”, 2], [“Sand Tomb”, 2], [“Earthquake”, 3], [“Fissure”, 3], [“Iron Head”, 4]],4,[“Poison”, “Bug”],"[""Desert""]",,,,,,,,,,,,,,,,,,,,,,,,,,,,,,
“Skorupi”,"""https://archives.bulbagarden.net/media/upload/3/35/0451Skorupi.png""","[""Male""; ""Female""]",2,4,2,4,2,5,1,3,2,4,3,1,"[""Battle Armor”; “Sniper""]",[[“Bite”, 0], [“Leer”, 0], [“Pin Missile”, 1], [“Pursuit”, 2], [“Poison Fang”, 2], [“Hone Claw”, 2], [“Night Slash”, 3], [“Crunch”, 3], [“Cross Poison”, 3], [“Aqua Tail”, 4], [“Poison Sting”, 0], [“Knock Off”, 1], [“Acupressure”, 2], [“Bug Bite”, 2], [“Venoshock”, 2], [“Toxic Spikes”, 2], [“Scary Face”, 3], [“Fell Stinger”, 3], [“Agility”, 4], [“Poison Tail”, 4]],4,[“Poison”, “Dark”],"[""Desert""]",,,,,,,,,,,,,,,,,,,,,,,,
“Drapion”,"""https://archives.bulbagarden.net/media/upload/1/11/0452Drapion.png""","[""Male""; ""Female""]",2,5,3,6,3,6,2,4,2,5,4,3,"[""Battle Armor”; “Sniper""]",[[“Leer”, 0], [“Poison Sting”, 0], [“Knock Off”, 1], [“Acupressure”, 2], [“Bug Bite”, 2], [“Venoshock”, 2], [“Toxic Spikes”, 2], [“Scary Face”, 3], [“Fell Stinger”, 3], [“Agility”, 4], [“Poison Tail”, 4], [“Bite”, 0], [“Pin Missile”, 1], [Ice Fang”, 2], [“Thunder Fang”, 2], [“Pursuit”, 2], [“Poison Fang”, 2], [“Hone Claws”, 2], [“Night Slash”, 3], [“Crunch”, 3], [“Cross Poison”, 3], [“Aqua Tail”, 4]],4,[“Poison”, “Fighting”],"[""Desert""]",,,,,,,,,,,,,,,,,,,,
“Croagunk”,"""https://archives.bulbagarden.net/media/upload/a/ab/0453Croagunk.png""","[""Male""; ""Female""]",2,4,2,4,1,3,2,4,1,3,3,1,"[""Anticipation”; “Dry Skin""]",[[“Astonish”, 0], [“Poison Sting”, 1], [“Pursuit”, 2], [“Revenge”, 2], [“Venoshock”, 2], [“Mud Bomb”, 2], [“Poison Jab”, 3], [“Belch”, 3], [“Fake Out”, 4], [“Quick Guard”, 4], [“Mud Slap”, 0], [“Taunt”, 1], [“Feint Attack”, 2], [“Swagger”, 2], [“Sucker Punch”, 2], [“Nasty Plot”, 2], [“Sludge Bomb”, 3], [“Flatter”, 3], [“Drain Punch”, 4]],4,[“Poison”, “Fighting”],"[""Freshwater""]",,,,,,,,,,,,,,,,,,,,,,,,,,
“Toxicroak”,"""https://archives.bulbagarden.net/media/upload/6/61/0454Toxicroak.png""","[""Male""; ""Female""]",3,6,2,5,2,4,2,5,2,4,4,2,"[""Anticipation”; “Dry Skin""]",[[“Astonish”, 0], [“Poison Sting”, 1], [“Pursuit”, 2], [“Revenge”, 2], [“Venoshock”, 2], [“Mud Bomb”, 2], [“Poison Jab”, 3], [“Belch”, 3], [“Fake Out”, 4], [“Dual Chop”, 4], [“Mud Slap”, 0], [“Taunt”, 1], [“Feint Attack”, 2], [“Swagger”, 2], [“Sucker Punch”, 2], [“Nasty Plot”, 2], [“Sludge Bomb”, 3], [“Flatter”, 3], [“Drain Punch”, 4]],4,[“Grass”],"[""Freshwater""]",,,,,,,,,,,,,,,,,,,,,,,,,,,
“Carnivine”,"""https://archives.bulbagarden.net/media/upload/8/85/0455Carnivine.png""","[""Male""; ""Female""]",3,6,2,4,2,5,2,5,2,5,4,2,"[""Levitate""]",[[“Bind”, 0], [“Bite”, 1], [“Sweet Scent”, 2], [“Feint Attack”, 2], [“Venoshock”, 2], [“Stockpile”, 2], [“Swallow”, 2], [“Wring Out”, 3], [“Rage Powder”, 4], [“Seed Bomb”, 4], [“Growth”, 0], [“Vine Whip”, 1], [“Ingrain”, 2], [“Leaf Tornado”, 2], [“Spit Up”, 2], [“Crunch”, 3], [“Power Whip”, 3], [“Gastro Acid”, 4]],4,[“Water”],"[""Jungle""; ""Forest""; ""Freshwater""]",,,,,,,,,,,,,,,,,,,,,,,,,,,,,
“Finneon”,"""https://archives.bulbagarden.net/media/upload/b/ba/0456Finneon.png""","[""Male""; ""Female""]",2,4,2,4,2,4,2,4,2,4,3,1,"[""Swift Swim”; “Storm Drain""]",[[“Pound”, 0], [“Attract”, 1], [“Gust”, 2], [“Captivate”, 2], [“Aqua Ring”, 2], [“U-Turn”, 3], [“Silver Wind”, 3], [“Agility”, 4], [“Aurora Beam”, 4], [“Water Gun”, 2], [“Rain Dance”, 2], [“Water Pulse”, 2], [“Safeguard”, 2], [“Whirlpool”, 2], [“Bounce”, 3], [“Soak”, 3], [“Sweet Kiss”, 4]],4,[“Water”],"[""Ocean""; ""Freshwater""]",,,,,,,,,,,,,,,,,,,,,,,,,,,,,,,
“Lumineon”,"""https://archives.bulbagarden.net/media/upload/8/8c/0457Lumineon.png""","[""Male""; ""Female""]",2,5,2,5,2,5,2,5,2,5,4,2,"[""Swift Swim”; “Storm Drain""]",[[“Pound”, 0], [“Attract”, 1], [“Rain Dance”, 2], [“Captivate”, 2], [“Aqua Ring”, 2], [“U-Turn”, 3], [“Silver Wind”, 3], [“Agility”, 4], [“Aurora Beam”, 4], [“Water Gun”, 1], [“Gust”, 2], [“Water Pulse”, 2], [“Safeguard”, 2], [“Whirlpool”, 2], [“Bounce”, 3], [“Soak”, 3], [“Brine”, 4]],4,[“Water”, “Flying”],"[""Ocean""; ""Freshwater""]",,,,,,,,,,,,,,,,,,,,,,,,,,,,,,
“Mantyke”,"""https://archives.bulbagarden.net/media/upload/2/28/0458Mantyke.png""","[""Male""; ""Female""]",1,3,2,4,2,4,1,3,3,6,3,1,"[""Swift Swim”; “Water Absorb""]",[[“Tackle”, 0], [“Supersonic”, 1], [“Confuse Ray”, 1], [“Headbutt”, 2], [“Wide Guard”, 2], [“Agility”, 2], [“Aqua Ring”, 3], [“Hydro Pump”, 3], [“Helping Hand”, 4], [“Bubble”, 0], [“Bubble Beam”, 1], [“Wing Attack”, 2], [“Water Pulse”, 2], [“Take Down”, 2], [“Air Slash”, 3], [“Bounce”, 3], [“Twister”, 4], [“Tailwind”, 4]],4,[“Grass”, “Ice”],"[""Ocean""; ""Freshwater""]",,,,,,,,,,,,,,,,,,,,,,,,,,,,
“Snover”,"""https://archives.bulbagarden.net/media/upload/f/f0/0459Snover.png""","[""Male""; ""Female""]",2,4,1,3,2,4,2,4,2,4,3,2,"[""Snow Warning""]",[[“Powder Snow”, 0], [“Razor Leaf”, 1], [“Grass Whistle”, 2], [“Mist”, 2], [“Ingrain”, 2], [“Blizzard”, 3], [“Growth”, 4], [“Water Pulse”, 4], [“Leer”, 0], [“Icy Wind”, 1], [“Swagger”, 2], [“Ice Shard”, 2], [“Wood Hammer”, 3], [“Sheer Cold”, 3], [“Seed Bomb”, 4]],4,[“Grass”, “Ice”],"[""Snow""; ""Mountain""]",,,,,,,,,,,,,,,,,,,,,,,,,,,,,,,,,,
“Abomasnow”,"""https://archives.bulbagarden.net/media/upload/1/14/0460Abomasnow.png""","[""Male""; ""Female""]",2,5,2,4,2,5,2,5,2,5,4,3,"[""Snow Warning""]",[[“Powder Snow”, 0], [“Razor Leaf”, 1], [“Grass Whistle”, 2], [“Mist”, 2], [“Ingrain”, 2], [“Blizzard”, 3], [“Growth”, 4], [“Outrage”, 4], [“Leer”, 0], [“Ice Punch”, 0], [“Icy Wind”, 1], [“Ice Shard”, 2], [“Swagger”, 2], [“Wood Hammer”, 3], [“Sheer Cold”, 3], [“Avalanche”, 4]],4,[“Dark”, “Ice”],"[""Snow""; ""Mountain""]",,,,,,,,,,,,,,,,,,,,,,,,,,,,,,,,
“Weavile”,"""https://archives.bulbagarden.net/media/upload/f/f1/0461Weavile.png""","[""Male""; ""Female""]",3,7,3,7,2,4,2,4,2,5,4,2,"[""Pressure""]",[[“Leer”, 0], [“Taunt”, 0], [“Embargo”, 1], [“Assurance”, 2], [“Icy Wind”, 2], [“Nasty Plot”, 2], [“Hone Claws”, 2], [“Screech”, 2], [“Snatch”, 3], [“Dark Pulse”, 3], [“Fake Out”, 4], [“Scratch”, 0], [“Feint Attack”, 1], [“Quick Attack”, 1], [“Revenge”, 2], [“Fury Swipes”, 2], [“Metal Claw”, 2], [“Fling”, 2], [“Night Slash”, 2], [“Punishment”, 3], [“Icicle Crash”, 4], [“Low Kick”, 4]],4,[“Electric”, “Steel”],"[""Snow""; ""Mountain""; ""Cave""]",,,,,,,,,,,,,,,,,,,,
“Magnezone”,"""https://archives.bulbagarden.net/media/upload/f/f5/0462Magnezone.png""","[""None""]",2,5,2,4,3,6,3,7,2,5,5,3,"[""Magnet Pull”; “Sturdy""]",[[“Supersonic”, 0], [“Sonic Boom”, 0], [“Thunder Shock”, 1], [“Flash Cannon”, 2], [“Thunder Wave”, 2], [“Spark”, 2], [“Metal Sound”, 2], [“Barrier”, 3], [“Discharge”, 3], [“Magnet Rise”, 3], [“Zap Cannon”, 3], [“Gravity”, 4], [“Tackle”, 0], [“Magnetic Flux”, 1], [“Screech”, 2], [“Electric Terrain”, 1], [“Magnet Bomb”, 2], [“Electro Ball”, 2], [“Mirror Coat”, 3], [“Gyro Ball”, 3], [“Lock On”, 3], [“Iron Defense”, 4], [“Signal Beam”, 4]],4,[“Normal”],"[""City""]",,,,,,,,,,,,,,,,,,,
“Lickilicky”,"""https://archives.bulbagarden.net/media/upload/a/a6/0463Lickilicky.png""","[""Male""; ""Female""]",2,5,2,4,3,6,2,5,3,6,5,3,"[""Own Tempo”; “Oblivious""]",[[“Lick”, 0], [“Defense Curl”, 1], [“Wrap”, 2], [“Disable”, 2], [“Rollout”, 2], [“Me First”, 2], [“Screech”, 3], [“Wring Out”, 3], [“Belly Drum”, 4], [“Hammer Arm”, 4], [“Supersonic”, 1], [“Knock Off”, 2], [“Stomp”, 2], [“Slam”, 2], [“Chip Away”, 2], [“Refresh”, 2], [“Power Whip”, 3], [“Gyro Ball”, 3], [“Aqua Tail”, 4]],4,[“Ground”, “Rock”],"[""Forest""; ""Plains""; ""City""; ""Mountains""]",,,,,,,,,,,,,,,,,,,,,,,,,,
“Rhyperior”,"""https://archives.bulbagarden.net/media/upload/f/f0/0464Rhyperior.png""","[""Male""; ""Female""]",3,7,1,3,3,7,2,4,2,4,6,4,"[""Lightning rod”; “Solid Rock""]",[[“Tail Whip”, 0], [“Stomp”, 1], [“Fury Attack”, 2], [“Rock Blast”, 2], [“Take Down”, 2], [“Drill Run”, 2], [“Earthquake”, 3], [“Mega Horn”, 3], [“Guard Split”, 4], [“Dragon Rush”, 4], [“Horn Attack”, 0], [“Poison Jab”, 2], [“Scary Face”, 2], [“Chip Away”, 2], [“Hammer Arm”, 2], [“Stone Edge”, 3], [“Horn Drill”, 3], [“Rock Wrecker”, 3], [“Smart Strike”, 4]],4,[“Grass”],"[""Cave""; ""Mountain""]",,,,,,,,,,,,,,,,,,,,,,,,,,,
“Tangrowth”,"""https://archives.bulbagarden.net/media/upload/5/57/0465Tangrowth.png""","[""Male""; ""Female""]",3,6,2,4,3,7,3,6,2,4,5,3,"[""Chlorophyll”; “Leaf Guard""]",[[“Block”, 0], [“Constrict”, 0], [“Vine Whip”, 1], [“Poison Powder”, 2], [“Growth”, 2], [“Knock Off”, 2], [“Natural Gift”, 2], [“Ancient Power”, 2], [“Tickle”, 3], [“Grassy Terrain”, 3], [“Nature Power”, 4], [“Amnesia”, 4], [“Ingrain”, 0], [“Sleep Powder”, 1], [“Absorb”, 1], [“Bind”, 2], [“Mega Drain”, 2], [“Stun Spore”, 2], [“Slam”, 2], [“Giga Drain”, 3], [“Wring Out”, 3], [“Power Whip”, 3], [“Confusion”, 4]],4,[“Electric”],"[""Forest""; ""Jungle""]",,,,,,,,,,,,,,,,,,,
“Electivire”,"""https://archives.bulbagarden.net/media/upload/e/e8/0466Electivire.png""","[""Male""; ""Female""]",3,7,3,6,2,4,3,6,2,5,5,3,"[""Motor Drive""]",[[“Quick Attack”, 0], [“Leer”, 0], [“Low Kick”, 1], [“Fire Punch”, 2], [“Shock Wave”, 2], [“Electro Ball”, 2], [“Thunder Punch”, 2], [“Screech”, 3], [“Thunder”, 3], [“Hammer Arm”, 4], [“Dual Chop”, 4], [“Ion Deluge”, 0], [“Electric Terrain”, 1], [“Thunder Shock”, 1], [“Thunderbolt”, 2], [“Thunder Wave”, 2], [“Light Screen”, 2], [“Swift”, 2], [“Discharge”, 3], [“Giga Impact”, 3], [“Ice Punch”, 4]],4,[“Fire”],"[""City""; ""Mountain""]",,,,,,,,,,,,,,,,,,,,,,,
“Magmortar”,"""https://archives.bulbagarden.net/media/upload/8/82/0467Magmortar.png""","[""Male""; ""Female""]",3,6,2,5,2,4,3,7,3,6,5,3,"[""Flame Body""]",[[“Leer”, 0], [“Smokescreen”, 1], [“Thunder Punch”, 2], [“Fire Spin”, 2], [“Flame Burst”, 2], [“Fire Punch”, 2], [“Sunny Day”, 3], [“Fire Blast”, 3], [“Dual Chop”, 4], [“Heat Wave”, 4], [“Smog”, 0], [“Ember”, 1], [“Fent Attack”, 2], [“Clear Smog”, 2], [“Confuse Ray”, 2], [“Flamethrower”, 2], [“Lava Plume”, 3], [“Hyper Beam”, 3], [“Belly Drum”, 4]],4,[“Fairy”, “Flying”],"[""Mountain""]",,,,,,,,,,,,,,,,,,,,,,,,,,
“Togekiss”,"""https://archives.bulbagarden.net/media/upload/8/8f/0468Togekiss.png""","[""Male""; ""Female""]",2,4,2,5,3,6,3,7,3,6,5,3,"[""Serene Grace”; “Hustle""]",[[“After You”, 0], [“Sky Attack”, 3], [“Air Slash”, 2], [“Lucky Chant”, 4], [“Extreme Speed”, 1], [“Aura Sphere”, 2], [“Extrasensory”, 4], [“Water Pulse”, 4]],4,[“Bug”, “Flying”],"[""Forest""; ""Plains""; ""Mountain""; ""Jungle""]",,,,,,,,,,,,,,,,,,,,,,,,,,,,,,,,,,,,,,,,,,,,,,,,
“Yanmega”,"""https://archives.bulbagarden.net/media/upload/7/79/0469Yanmega.png""","[""Male""; ""Female""]",2,5,3,6,2,5,3,6,2,4,4,3,"[""Speed Boost”; “Tinted Lens""]",[[“Tackle”, 0], [“Big Bite”, 1], [“Quick Attack”, 1], [“Sonic Boom”, 2], [“Supersonic”, 2], [“Pursuit”, 2], [“Feint”, 2], [“Screech”, 3], [“Air Slash”, 3], [“Giga Drain”, 4], [“Tailwind”, 4], [“Foresight”, 0], [“Double Team”, 1], [“Slash”, 2], [“Detect”, 2], [“Uproar”, 2], [“Ancient Power”, 2], [“Night Slash”, 3], [“U-Turn”, 3], [“Bug Buzz”, 3], [“Reversal”, 4]],4,[“Grass”],"[""Forest""; ""Plains""; ""Freshwater""]",,,,,,,,,,,,,,,,,,,,,,,
“Leafeon”,"""https://archives.bulbagarden.net/media/upload/8/80/0470Leafeon.png""","[""Male""; ""Female""]",3,6,3,6,3,7,2,4,2,4,4,2,"[""Leaf Guard""]",[[“Tackle”, 0], [“Helping Hand”, 0], [“Razor Leaf”, 1], [“Grass Whistle”, 2], [“Giga Drain”, 2], [“Synthesis”, 2], [“Last Resort”, 3], [“Wish”, 4], [“Flail”, 4], [“Tail Whip”, 0], [“Sand Attack”, 1], [“Quick Attack”, 2], [“Magical Leaf”, 2], [“Swords Dance”, 2], [“Sunny Day”, 3], [“Leaf Blade”, 3], [“Seed Bomb”, 4]],4,[“Ice”],"[""City""; ""Forest""; ""Plains""]",,,,,,,,,,,,,,,,,,,,,,,,,,,,,,,
“Glaceon”,"""https://archives.bulbagarden.net/media/upload/9/91/0471Glaceon.png""","[""Male""; ""Female""]",2,4,2,4,3,6,3,7,3,6,4,2,"[""Snow Cloak""]",[[“Tackle”, 0], [“Helping Hand”, 0], [“Icy Wind”, 1], [“Bite”, 2], [“Ice Shard”, 2], [“Mirror Coat”, 2], [“Last Resort”, 3], [“Wish”, 4], [“Fake Tears”, 4], [“Tail Whip”, 0], [“Sand Attack”, 1], [“Quick Attack”, 2], [“Ice Fang”, 2], [“Barrier”, 2], [“Hail”, 3], [“Blizzard”, 3], [“Captivate”, 4]],4,[“Ground”, “Flying”],"[""City""; ""Mountain""; ""Snow""]",,,,,,,,,,,,,,,,,,,,,,,,,,,,,,
“Gliscor”,"""https://archives.bulbagarden.net/media/upload/9/94/0472Gliscor.png""","[""Male""; ""Female""]",3,6,3,6,3,7,2,4,2,5,5,3,"[""Hyper Cutter”; “Sand Veil""]",[[“Sand Attack”, 0], [“Knock Off”, 1], [“Thunder Fang”, 2], [“Ice Fang”, 2], [“Fury Cutter”, 2], [“Acrobatics”, 2], [“U-Turn”, 2], [“X-Scissor”, 3], [“Swords Dance”, 3], [“Agility”, 4], [“Cross Poison”, 4], [“Harden”, 0], [“Quick Attack”, 1], [“Fire Fang”, 2], [“Poison Jab”, 2], [“Feint Attack”, 2], [“Night Slash”, 2], [“Screech”, 3], [“Sky Uppercut”, 3], [“Guillotine”, 3], [“Metal Claw”, 4]],4,[“Ice”, “Ground”],"[""Cave""; ""Mountain""]",,,,,,,,,,,,,,,,,,,,,,
“Mamoswine”,"""https://archives.bulbagarden.net/media/upload/4/4c/0473Mamoswine.png""","[""Male""; ""Female""]",3,7,2,5,2,5,2,5,2,4,6,3,"[""Oblivious”; “Snow Cloak""]",[[“Peck”, 0], [“Mud Sport”, 0], [“Mud Slap”, 1], [“Ancient Power”, 2], [“Mud Bomb”, 2], [“Ice Fang”, 2], [“Double Hit”, 2], [“Thrash”, 3], [“Blizzard”, 3], [“Icicle Crash”, 4], [“Oder Sleuth”, 0], [“Powder Snow”, 1], [“Scary Face”, 1], [“Endure”, 2], [“Hail”, 2], [“Take Down”, 2], [“Mist”, 3], [“Earthquake”, 3], [“Fissure”, 4], [“Avalanche”, 4]],4,[“Normal”],"[""Mountain""; ""Snow""]",,,,,,,,,,,,,,,,,,,,,,,,,
“Porygon-Z”,"""https://archives.bulbagarden.net/media/upload/6/61/0474Porygon-Z.png""","[""None""]",2,5,2,5,2,5,3,7,2,5,5,3,"[""Download”; “Adaptability""]",[[“Tackle”, 0], [“Conversion2”, 1], [“Nasty Plot”, 1], [“Agility”, 2], [“Magnet Rise”, 2], [“Embargo”, 2], [“Lock-On”, 2], [“Magic Coat”, 3], [“Hyper Beam”, 3], [“Pain Split”, 4], [“Conversion”, 0], [“Psybeam”, 1], [“Trick Room”, 2], [“Recover”, 2], [“Signal Beam”, 2], [“Discharge”, 2], [“Tri Attack”, 2], [“Zap Cannon”, 3], [“Electro Web”, 4], [“Trick”, 4]],4,[“Psychic”, “Fighting”],"[""City""]",,,,,,,,,,,,,,,,,,,,,,,,
“Gallade”,"""https://archives.bulbagarden.net/media/upload/9/97/0475Gallade.png""","[""Male""]",3,7,2,5,2,4,2,4,3,6,5,3,"[""Steadfast""]",[[“Leer”, 0], [“Double Team”, 1], [“Quick Guard”, 1], [“Feint”, 2], [“Wide Guard”, 2], [“Heal Pulse”, 2], [“Psycho Cut”, 2], [“Leaf Blade”, 3], [“Protect”, 3], [“Stored Power”, 3], [“Thunder Bunch”, 4], [“Confusion”, 0], [“Teleport”, 1], [“False Swipe”, 2], [“Fury Cutter”, 2], [“Slash”, 2], [“Swords Dance”, 2], [“Helping Hand”, 2], [“Night Slash”, 3], [“Close Combat”, 3], [“Shadow Sneak”, 4], [“Drain Punch”, 4]],4,[“Rock”, “Steel”],"[""City""; ""Forest""; ""Plains""]",,,,,,,,,,,,,,,,,,,,
“Probopass”,"""https://archives.bulbagarden.net/media/upload/a/ae/0476Probopass.png""","[""Male""; ""Female""]",2,4,2,5,4,8,2,5,4,8,4,2,"[""Sturdy”; “Magnetic Pull""]",[[“Tackle”, 0], [“Iron Defense”, 1], [“Tri Attack”, 2], [“Magnet Rise”, 2], [“Wide Guard”, 2], [“Rock Blast”, 2], [“Spark”, 2], [“Power Gem”, 2], [“Discharge”, 3], [“Stone Edge”, 3], [“Zap Cannon”, 3], [“Iron Head”, 4], [“Block”, 0], [“Magnet Bomb”, 1], [“Magnet Flux”, 2], [“Gravity”, 2], [“Thunder Wave”, 2], [“Rest”, 2], [“Rock Slide”, 2], [“Sand Storm”, 2], [“Earth Power”, 3], [“Lock- On”, 3], [“Endure”, 4], [“Ancient Power”, 4]],4,[“Ghost”],"[""City""; ""Cave""; ""Mountain""]",,,,,,,,,,,,,,,,,
“Dusknoir”,"""https://archives.bulbagarden.net/media/upload/4/4c/0477Dusknoir.png""","[""Male""; ""Female""]",3,6,2,4,3,7,2,4,3,7,4,3,"[""Pressure""]",[[“Bind”, 0], [“Night Shade”, 1], [“Foresight”, 1], [“Fire Punch”, 2], [“Thunder Punch”, 2], [“Thunder Punch”, 2], [“Confuse Ray”, 2], [“Pursuit”, 2], [“Will-O-Wisp”, 2], [“Hex”, 3], [“Mean Look”, 3], [“Future Sight”, 3], [“Ominous Wind”, 4], [“Leer”, 0], [“Disable”, 1], [“Shadow Punch”, 2], [“Ice Punch”, 2], [“Astonish”, 2], [“Shadow Sneak”, 2], [“Curse”, 2], [“Gravity”, 3], [“Shadow Ball”, 3], [“Payback”, 3], [“Imprison”, 4], [“Sucker Punch”, 4]],4,[“Ice”, “Ghost”],"[""Desert""]",,,,,,,,,,,,,,
“Froslass”,"""https://archives.bulbagarden.net/media/upload/5/59/0478Froslass.png""","[""Female""]",2,5,3,6,2,5,2,5,2,5,4,3,"[""Snow Cloak""]",[[“Leer”, 0], [“Ice Shard”, 1], [“Astonish”, 1], [“Icy Wind”, 2], [“Ominous Wind”, 2], [“Will-O-Wisp”, 2], [“Captivate”, 2], [“Hail”, 3], [“Aurora Veil”, 4], [“Powder Snow”, 0], [“Double Team”, 1], [“Confuse Ray”, 2], [“Draining Kiss”, 2], [“Wake-Up Slap”, 2], [“Destiny Bond”, 2], [“Blizzard”, 3], [“Spite”, 4], [“Weather Ball”, 4]],4,[“Electric”, “Ghost”],"[""Snow""; ""Mountain""]",,,,,,,,,,,,,,,,,,,,,,,,,,,,
“Rotom”,"""https://archives.bulbagarden.net/media/upload/3/37/0479Rotom.png""","[""None""]",2,4,2,5,2,5,3,6,2,5,4,3,"[""Levitate""]",[[“Thunder Wave”, 0], [“Confuse Ray”, 1], [“Uproar”, 1], [“Double Team”, 2], [“Ominous Wind”, 2], [“Electro Ball”, 2], [“Charge”, 3], [“Astonish”, 0], [“Thunder Shock”, 1], [“Trick”, 2], [“Shock Wave”, 2], [“Substitute”, 2], [“Hex”, 3], [“Discharge”, 3]],4,[“Electric”, “Fire”],"[""City""]",,,,,,,,,,,,,,,,,,,,,,,,,,,,,,,,,,,,
“Rotom Heat”,"""https://archives.bulbagarden.net/media/upload/6/68/0479Rotom-Heat.png""","[""None""]",2,4,2,5,3,6,3,6,3,6,4,3,"[""Levitate""]",[[“Thunder Wave”, 0], [“Confuse Ray”, 1], [“Uproar”, 1], [“Double Team”, 2], [“Ominous Wind”, 2], [“Electro Ball”, 2], [“Charge”, 3], [“Astonish”, 0], [“Thunder Shock”, 1], [“Trick”, 2], [“Shock Wave”, 2], [“Substitute”, 2], [“Hex”, 3], [“Discharge”, 3], [“Overheat”, 4]],4,[“Electric”, “Flying”],"[""City""]",,,,,,,,,,,,,,,,,,,,,,,,,,,,,,,,,,
“Rotom Fan”,"""https://archives.bulbagarden.net/media/upload/5/54/0479Rotom-Fan.png""","[""None""]",2,4,2,5,3,6,3,6,3,6,4,3,"[""Levitate""]",[[“Thunder Wave”, 0], [“Confuse Ray”, 1], [“Uproar”, 1], [“Double Team”, 2], [“Ominous Wind”, 2], [“Electro Ball”, 2], [“Charge”, 3], [“Astonish”, 0], [“Thunder Shock”, 1], [“Trick”, 2], [“Shock Wave”, 2], [“Substitute”, 2], [“Hex”, 3], [“Discharge”, 3], [“Air Slash”, 4]],4,[“Electric”, “Grass”],"[""City""]",,,,,,,,,,,,,,,,,,,,,,,,,,,,,,,,,,
“Rotom Mow”,"""https://archives.bulbagarden.net/media/upload/6/6d/0479Rotom-Mow.png""","[""None""]",2,4,2,5,3,6,3,6,3,6,4,3,"[""Levitate""]",[[“Thunder Wave”, 0], [“Confuse Ray”, 1], [“Uproar”, 1], [“Double Team”, 2], [“Ominous Wind”, 2], [“Electro Ball”, 2], [“Charge”, 3], [“Astonish”, 0], [“Thunder Shock”, 1], [“Trick”, 2], [“Shock Wave”, 2], [“Substitute”, 2], [“Hex”, 3], [“Discharge”, 3], [“Leaf Storm”, 4]],4,[“Electric”, “Ice”],"[""City""]",,,,,,,,,,,,,,,,,,,,,,,,,,,,,,,,,,
“Rotom Frost“,"""https://archives.bulbagarden.net/media/upload/3/3f/0479Rotom-Frost.png""","[""None""]",2,4,2,5,3,6,3,6,3,6,4,3,"[""Levitate""]",[[“Thunder Wave”, 0], [“Confuse Ray”, 1], [“Uproar”, 1], [“Double Team”, 2], [“Ominous Wind”, 2], [“Electro Ball”, 2], [“Charge”, 3], [“Astonish”, 0], [“Thunder Shock”, 1], [“Trick”, 2], [“Shock Wave”, 2], [“Substitute”, 2], [“Hex”, 3], [“Discharge”, 3], [“Blizzard”, 4]],4,[“Electric”, “Water”],"[""City""]",,,,,,,,,,,,,,,,,,,,,,,,,,,,,,,,,,
“Rotom Wash”,"""https://archives.bulbagarden.net/media/upload/3/36/0479Rotom-Wash.png""","[""None""]",2,4,2,5,3,6,3,6,3,6,4,3,"[""Levitate""]",[[“Thunder Wave”, 0], [“Confuse Ray”, 1], [“Uproar”, 1], [“Double Team”, 2], [“Ominous Wind”, 2], [“Electro Ball”, 2], [“Charge”, 3], [“Astonish”, 0], [“Thunder Shock”, 1], [“Trick”, 2], [“Shock Wave”, 2], [“Substitute”, 2], [“Hex”, 3], [“Discharge”, 3], [“Hydro Pump”, 4]],4,[“Electric”],"[""City""]",,,,,,,,,,,,,,,,,,,,,,,,,,,,,,,,,,,
“Rotom Dex”,"""https://archives.bulbagarden.net/media/upload/1/10/0479Rotom-Pok%C3%A9dex.png""","[""None""]",2,4,2,5,3,6,3,6,3,6,4,3,"[""Levitate""]",[[“Thunder Wave”, 0], [“Confuse Ray”, 1], [“Uproar”, 1], [“Double Team”, 2], [“Ominous Wind”, 2], [“Electro Ball”, 2], [“Charge”, 3], [“Astonish”, 0], [“Thunder Shock”, 1], [“Trick”, 2], [“Shock Wave”, 2], [“Substitute”, 2], [“Hex”, 3], [“Discharge”, 3], [“Light Screen”, 4]],4,[“Psychic”],"[""City""]",,,,,,,,,,,,,,,,,,,,,,,,,,,,,,,,,,,
“Uxie”,"""https://archives.bulbagarden.net/media/upload/1/18/0480Uxie.png""","[""None""]",5,5,6,6,7,7,5,5,7,7,4,5,"[""Levitate""]",[[“Memento”, 5], [“Flail”, 5], [“Confusion”, 5], [“Endure”, 5], [“Yawn”, 5], [“Amnesia”, 5], [“Foul Play”, 5], [“Psych Up”, 5], [“Magic Room”, 5], [“Natural Gift”, 5], [“Rest”, 5], [“Imprison”, 5], [“Swift”, 5], [“Future Sight”, 5], [“Extrasensory”, 5], [“Hidden Power”, 5], [“Trick Room”, 5], [“Wonder Room”, 5]],4,[“Psychic”],[“Forest”, “Plains”, “Jungle”, “Desert”, “Snow”, “Mountain”, “Cave”, “City”, “Ocean”, “Freshwater”],,,,,,,,,,,,,,,,,,,,
“Mesprit”,"""https://archives.bulbagarden.net/media/upload/2/24/0481Mesprit.png""","[""None""]",6,6,5,5,6,6,6,6,6,6,4,5,"[""Levitate""]",[[“Healing Wish”, 5], [“Copycat”, 5], [“Confusion”, 5], [“Protect”, 5], [“Lucky Chant”, 5], [“Charm”, 5], [“Helping Hand”, 5], [“Psych Up”, 5], [“Knock Off”, 5], [“Natural Gift”, 5], [“Rest”, 5], [“Imprison”, 5], [“Swift”, 5], [“Future Sight”, 5], [“Extrasensory”, 5], [“Hidden Power”, 5], [“Role Play”, 5], [“Trick”, 5]],4,[“Psychic”],[“Forest”, “Plains”, “Jungle”, “Desert”, “Snow”, “Mountain”, “Cave”, “City”, “Ocean”, “Freshwater”],,,,,,,,,,,,,,,,,,,,
“Azelf”,"""https://archives.bulbagarden.net/media/upload/a/ac/0482Azelf.png""","[""None""]",7,7,7,7,5,5,7,7,5,5,4,5,"[""Levitate""]",[[“Last Resort”, 5], [“Flail”, 5], [“Confusion”, 5], [“Detect”, 5], [“Uproar”, 5], [“Nasty Plot”, 5], [“Explosion”, 5], [“Swords Dance”, 5], [“Skill Swap”, 5], [“Natural Gift”, 5], [“Rest”, 5], [“Imprison”, 5], [“Swift”, 5], [“Future Sight”, 5], [“Extrasensory”, 5], [“Hidden Power”, 5], [“Stealth Rock”, 5], [“Zen Headbutt”, 5]],4,[“Steel”, “Dragon”],[“Forest”, “Plains”, “Jungle”, “Desert”, “Snow”, “Mountain”, “Cave”, “City”, “Ocean”, “Freshwater”],,,,,,,,,,,,,,,,,,,
“Dialga”,"""https://archives.bulbagarden.net/media/upload/4/43/0483Dialga.png""","[""None""]",7,7,5,5,7,7,8,8,6,6,7,5,"[""Pressure”; “Telepathy""]",[[“Dragon Breath”, 5], [“Metal Claw”, 5], [“Slash”, 5], [“Metal Burst”, 5], [“Earth Power”, 5], [“Iron Tail”, 5], [“Flash Cannon”, 5], [“Psych Up”, 5], [“Dragon Pulse”, 5], [“Scary Face”, 5], [“Ancient Power”, 5], [“Power Gem”, 5], [“Dragon Claw”, 5], [“Aura Sphere”, 5], [“Roar of Time”, 5], [“Hidden Power”, 5], [“Trick Room”, 5], [“Iron Defense”, 5]],4,[“Water”, “Dragon”],[“Forest”, “Plains”, “Jungle”, “Desert”, “Snow”, “Mountain”, “Cave”, “City”, “Ocean”, “Freshwater”],,,,,,,,,,,,,,,,,,,
“Palkia”,"""https://archives.bulbagarden.net/media/upload/b/b7/0484Palkia.png""","[""None""]",7,7,6,6,6,6,8,8,7,7,5,5,"[""Pressure”; “Telepathy""]",[[“Dragon Breath”, 5], [“Water Pulse”, 5], [“Slash”, 5], [“Aqua Tail”, 5], [“Earth Power”, 5], [“Hyper Voice”, 5], [“Hydro Pump”, 5], [“Psych Up”, 5], [“Dragon Pulse”, 5], [“Scary Face”, 5], [“Ancient Power”, 5], [“Power Gem”, 5], [“Dragon Claw”, 5], [“Aura Sphere”, 5], [“Special Ren”, 5], [“Hidden Power”, 5], [“Gravity”, 5], [“Liquidation”, 5]],4,[“Fire”, “Steel”],[“Forest”, “Plains”, “Jungle”, “Desert”, “Snow”, “Mountain”, “Cave”, “City”, “Ocean”, “Freshwater”],,,,,,,,,,,,,,,,,,,
“Heatran”,"""https://archives.bulbagarden.net/media/upload/6/60/0485Heatran.png""","[""Male""; ""Female""]",5,5,5,5,6,6,7,7,6,6,4,4,"[""Flash Fire”; “Flame Body""]",[[“Ancient Power”, 5], [“Fire Fang”, 5], [“Crunch”, 5], [“Alava Plume”, 5], [“Iron Head”, 5], [“Heat Wave”, 5], [“Magma Storm”, 5], [“Sunny Day”, 5], [“Dragon Pulse”, 5], [“Leer”, 5], [“Metal Sound”, 5], [“Scary Face”, 5], [“Fire Spin”, 5], [“Earth Power”, 5], [“Stone Edge”, 5], [“Iron Defense”, 5], [“Stomping Tantrum”, 5], [“Uproar”, 5]],4,[“Normal”],"[""Mountain""]",,,,,,,,,,,,,,,,,,,,,,,,,,,,,
“Regigigas”,"""https://archives.bulbagarden.net/media/upload/e/e3/0486Regigigas.png""","[""None""]",8,8,6,6,6,6,5,5,6,6,6,5,"[""Slow Start""]",[[“Heavy Slam”, 5], [“Fire Punch”, 5], [“Thunder Punch”, 5], [“Knock Off”, 5], [“Foresight”, 5], [“Wide Guard”, 5], [“Payback”, 5], [“Psych Up”, 5], [“Substitute”, 5], [“Superpower”, 5], [“Crush Grip”, 5], [“Ice Punch”, 5], [“Dizzy Punch”, 5], [“Confuse Ray”, 5], [“Revenge”, 5], [“Zen Headbutt”, 5], [“Hidden Power”, 5], [“Giga Impact”, 5], [“Strength”, 5], [“Nature Power”, 5]],4,[“Ghost”, “Dragon”],"[""Forest""; ""Jungle""]",,,,,,,,,,,,,,,,,,,,,,,,
“Giratina”,"""https://archives.bulbagarden.net/media/upload/8/81/0487Giratina.png""","[""None""]",6,6,5,5,7,7,6,6,7,7,8,5,"[""Pressure”; “Telepathy""]",[[“Dragon Breath”, 5], [“Ominous Winds”, 5], [“Slash”, 5], [“Destiny Bond”, 5], [“Earth Power”, 5], [“Shadow Claw”, 5], [“Hex”, 5], [“Psych Up”, 5], [“Pain Split”, 5], [“Draco Meteor”, 5], [“Scary Face”, 5], [“Ancient Power”, 5], [“Shadow Sneak”, 5], [“Dragon Claw”, 5], [“Aura Sphere”, 5], [“Shadow Force”, 5], [“Hidden Power”, 5], [“Spite”, 5], [“Outrage”, 5], [“Gravity”, 5]],4,[“Ghost”, “Dragon”],[“Forest”, “Plains”, “Jungle”, “Desert”, “Snow”, “Mountain”, “Cave”, “City”, “Ocean”, “Freshwater”],,,,,,,,,,,,,,,
“Origin Giratina”,"""https://archives.bulbagarden.net/media/upload/6/61/0487Giratina-Origin.png""","[""None""]",7,7,5,5,6,6,7,7,6,6,8,5,"[""Levitate""]",[[“Dragon Breath”, 5], [“Ominous Winds”, 5], [“Slash”, 5], [“Destiny Bond”, 5], [“Earth Power”, 5], [“Shadow Claw”, 5], [“Hex”, 5], [“Psych Up”, 5], [“Pain Split”, 5], [“Draco Meteor”, 5], [“Scary Face”, 5], [“Ancient Power”, 5], [“Shadow Sneak”, 5], [“Dragon Claw”, 5], [“Aura Sphere”, 5], [“Shadow Force”, 5], [“Hidden Power”, 5], [“Spite”, 5], [“Outrage”, 5], [“Gravity”, 5]],4,[“Psychic”],[“Forest”, “Plains”, “Jungle”, “Desert”, “Snow”, “Mountain”, “Cave”, “City”, “Ocean”, “Freshwater”],,,,,,,,,,,,,,,,
“Cresselia”,"""https://archives.bulbagarden.net/media/upload/9/97/0488Cresselia.png""","[""Female""]",5,5,5,5,7,7,5,5,7,7,6,4,"[""Levitate""]",[[“Lunar Dance”, 5], [“Psycho Cut”, 5], [“Confusion”, 5], [“Safeguard”, 5], [“Aurora Beam”, 5], [“Slash”, 5], [“Moonblast”, 5], [“Captivate”, 5], [“Protect”, 5], [“Light Screen”, 5], [“Psycho Shift”, 5], [“Moonlight”, 5], [“Double Team”, 5], [“Mist”, 5], [“Future Sight”, 5], [“Psychic”, 5], [“Rest”, 5], [“Calm Mind”, 5], [“Magic Coat”, 5], [“Reflect”, 5]],4,[“Water”],[“Forest”, “Plains”, “Jungle”, “Desert”, “Snow”, “Mountain”, “Cave”, “City”, “Ocean”, “Freshwater”],,,,,,,,,,,,,,,,
“Phione”,"""https://archives.bulbagarden.net/media/upload/e/eb/0489Phione.png""","[""None""]",2,5,2,5,2,5,2,5,2,5,4,4,"[""Hydration""]",[[“Bubble”, 5], [“Charm”, 5], [“Bubble Beam”, 5], [“Whirlpool”, 5], [“Aqua Ring”, 5], [“Rain Dance”, 5], [“Helping Hand”, 5], [“Last Resort”, 5], [“Water Sport”, 5], [“Supersonic”, 5], [“Acid Armor”, 5], [“Water Pulse”, 5], [“Dive”, 5], [“Surf”, 5], [“Heal Bell”, 5]],4,[“Water”],[“Forest”, “Plains”, “Jungle”, “Desert”, “Snow”, “Mountain”, “Cave”, “City”, “Ocean”, “Freshwater”],,,,,,,,,,,,,,,,,,,,,,,,,,
“Manaphy”,"""https://archives.bulbagarden.net/media/upload/0/08/0490Manaphy.png""","[""None""]",6,6,6,6,6,6,6,6,6,6,5,4,"[""Hydration""]",[[“Tail Glow”, 5], [“Water Sport”, 5], [“Supersonic”, 5], [“Acid Armor”, 5], [“Water Pulse”, 5], [“Five”, 5], [“Surf”, 5], [“Liquidation”, 5], [“Bounce”, 5], [“Bubble”, 5], [“Charm”, 5], [“Whirlpool”, 5], [“Aqua Ring”, 5], [“Rain Dance”, 5], [“Heart Swap”, 5], [“Icy Wind”, 5]],4,[“Dark”],[“Forest”, “Plains”, “Jungle”, “Desert”, “Snow”, “Mountain”, “Cave”, “City”, “Ocean”, “Freshwater”],,,,,,,,,,,,,,,,,,,,,,,,
“Darkrai”,"""https://archives.bulbagarden.net/media/upload/8/88/0491Darkrai.png""","[""None""]",5,5,7,7,5,5,7,7,5,5,5,4,"[""Bad Dreams""]",[[“Ominous Wind”, 5], [“Quick Attack”, 5], [“Feint Attack”, 5], [“Double Team”, 5], [“Dark Void”, 5], [“Dream Eater”, 5], [“Torment”, 5], [“Foul Play”, 5], [“Disable”, 5], [“Hypnosis”, 5], [“Nightmare”, 5], [“Haze”, 5], [“Nasty Plot”, 5], [“Dark Pulse”, 5], [“Wonder Room”, 5], [“Spite”, 5]],4,[“Grass”],[“Forest”, “Plains”, “Jungle”, “Desert”, “Snow”, “Mountain”, “Cave”, “City”, “Ocean”, “Freshwater”],,,,,,,,,,,,,,,,,,,,,,,,
“Shaymin (Ground Form)”,"""https://archives.bulbagarden.net/media/upload/0/09/0492Shaymin.png""","[""None""]",6,6,6,6,6,6,6,6,6,6,5,4,"[""Natural Cure""]",[[“Growth”, 5], [“Leech Seed”, 5], [“Sweet Scent”, 5], [“Worry Seed”, 5], [“Energy Ball”, 5], [“Healing Wish”, 5], [“Earth Power”, 5], [“Giga Drain”, 5], [“Magical Leaf”, 5], [“Synthesis”, 5], [“Natural Gift”, 5], [“Aromatherapy”, 5], [“Sweet Kiss”, 5], [“Seed Flare”, 5], [“Endeavor”, 5], [“Zen Headbutt”, 5]],4,[“Grass”],"[""Forest""; ""Jungle""]",,,,,,,,,,,,,,,,,,,,,,,,,,,,,,,,,
“Shaymin (Flying Form)”,"""https://archives.bulbagarden.net/media/upload/0/05/0492Shaymin-Sky.png""","[""None""]",6,6,7,7,5,5,7,7,5,5,5,4,"[""Serene Grace""]",[[“Growth”, 5], [“Leech Seed”, 5], [“Sweet Scent”, 5], [“Worry Seed”, 5], [“Energy Ball”, 5], [“Leaf Storm”, 5], [“Endeavor”, 5], [“Giga Drain”, 5], [“Magical Leaf”, 5], [“Synthesis”, 5], [“Natural Gift”, 5], [“Air Slash”, 5], [“Sweet Kiss”, 5], [“Seed Flare”, 5], [“Zen Headbutt”, 5], [“Tailwind”, 5]],4,[“Grass”, “Flying”],"[""Forest""; ""Jungle""]",,,,,,,,,,,,,,,,,,,,,,,,,,,,,,,,
“Arceus”,"""https://archives.bulbagarden.net/media/upload/9/9e/0493Arceus.png""","[""None""]",12,12,12,12,12,12,12,12,12,12,6,5,"[""Multitype""]",[[“Seismic Toss”, 5], [“Natural Gift”, 5], [“Gravity”, 5], [“Hyper Voice”, 5], [“Refresh”, 5], [“Recover”, 5], [“Perish Song”, 5], [“Sunsteel Strike”, 5], [“Zap Cannon”, 5], [“Light of Ruin”, 5], [“Hurricane”, 5], [“Frenzy Plant”, 5], [“Sheer Cold”, 5], [“Ancient Power”, 5], [“Cosmic Power”, 5], [“Punishment”, 5], [“Earth Power”, 5], [“Extreme Speed”, 5], [“Future Sight”, 5], [“Hyper Beam”, 5], [“Judgement”, 5], [“Infestation”, 5], [“Draco Meteor”, 5], [“Inferno”, 5], [“Phantom Force”, 5], [“Detect”, 5], [“Sludge Wave”, 5], [“Origin Pulse”, 5]],4,[“Normal”],[“Forest”, “Plains”, “Jungle”, “Desert”, “Snow”, “Mountain”, “Cave”, “City”, “Ocean”, “Freshwater”]
